{
    "_comment": "DO NOT EDIT: FILE GENERATED AUTOMATICALLY BY PTERODACTYL PANEL - PTERODACTYL.IO",
    "meta": {
        "version": "PTDL_v2",
        "update_url": null
    },
    "exported_at": "2024-11-26T17:19:38+00:00",
    "name": "LumenWEB (BETA)",
    "author": "david@david1117.dev",
    "description": "Easily set up websites using LumenWEB.",
    "features": null,
    "docker_images": {
        "V1.0": "ghcr.io\/david1117dev\/lumenweb:1.0-beta"
    },
    "file_denylist": [],
    "startup": "# Powered by LumenWEB",
    "config": {
        "files": "{}",
        "startup": "{\r\n    \"done\": [\r\n        \"Starting LumenWEB\"\r\n    ]\r\n}",
        "logs": "{}",
        "stop": "^C^C"
    },
    "scripts": {
        "installation": {
            "script": null,
            "container": "alpine:3.4",
            "entrypoint": "ash"
        }
    },
    "variables": [
        {
            "name": "Website Domain",
            "description": "Your website's domain name. Ensure a CNAME record points to web.lumenvm.cloud. You can put multiple domains separated by a comma. Make sure you enable this in the domain mode variable.",
            "env_variable": "DOMAIN",
            "default_value": "",
            "user_viewable": true,
            "user_editable": true,
            "rules": "nullable|string",
            "field_type": "text"
        },
        {
            "name": "Website root",
            "description": "The webroot directory for your website. This must be in \/home\/container\/.",
            "env_variable": "WEBROOT",
            "default_value": "\/home\/container",
            "user_viewable": true,
            "user_editable": true,
            "rules": "required|string|starts_with:\/home\/container",
            "field_type": "text"
        },
        {
            "name": "Webserver Software",
            "description": "Select the software to run your web server.",
            "env_variable": "SOFTWARE",
            "default_value": "php 8.4",
            "user_viewable": true,
            "user_editable": true,
            "rules": "required|in:php 8.4,php 8.3,php 8.2,php 8.1,php 8.0,php 7.4,python,vercel\/serve,dotnet 7,dotnet 8,WordPress,Astro,NextJS,custom",
            "field_type": "text"
        },
        {
            "name": "Domain mode",
            "description": "Select the mode of domain to use. If you select 'normal', all domains will be pointing to one index file. Instead, 'multi' will create separate directories for each domain.",
            "env_variable": "DOMAIN_MODE",
            "default_value": "disabled",
            "user_viewable": true,
            "user_editable": true,
            "rules": "required|in:disabled,normal,multi",
            "field_type": "text"
        },
        {
            "name": "Custom command",
            "description": "Enter the custom command to run. This only works if the software is set to \"custom\"",
            "env_variable": "CUSTOM_COMMAND",
            "default_value": "",
            "user_viewable": true,
            "user_editable": true,
            "rules": "nullable|string",
            "field_type": "text"
        },
        {
            "name": "Dotnet .dll file",
            "description": "Specify the path to the .NET DLL to run your application.",
            "env_variable": "DOTNET_DLL",
            "default_value": "",
            "user_viewable": true,
            "user_editable": true,
            "rules": "nullable|string",
            "field_type": "text"
        },
        {
            "name": "(ADMIN) Public IP Address",
            "description": "Overwrite the public IP address, edit only IF YOU KNOW WHAT ARE YOU DOING.",
            "env_variable": "PUBLIC_IP",
            "default_value": "",
            "user_viewable": false,
            "user_editable": false,
            "rules": "nullable|ipv4",
            "field_type": "text"
        },
        {
            "name": "(ADMIN) Debug",
            "description": "Debug some of the softwares. There is no need to enable this unless you are hunting errors.",
            "env_variable": "DEBUG",
            "default_value": "0",
            "user_viewable": false,
            "user_editable": false,
            "rules": "required|boolean",
            "field_type": "text"
        }
    ]
}